country,id,parent_agency_id,name,abbreviation,alternate_name,alternate_abbreviation,english_name,english_abbreviation,url,wikipedia_url,wikidata_id,begin_year,end_year,former_agency_id,remarks
AF,0,,د کابل پوهنتون,,پوهنتون کابل,,Kabul University,KU,https://www.ku.edu.af,https://en.wikipedia.org/wiki/Kabul_University,Q1354097,,,,
AF,1,0,د ځمکپوهنې پوهنځي,,پوهنځی زمین شناسی,,Faculty of Geoscience,,https://ku.edu.af/ps/%D8%AF-%DA%81%D9%85%DA%A9%D9%BE%D9%88%D9%87%D9%86%DB%90-%D9%BE%D9%88%D9%87%D9%86%DA%81%D9%8A,,,,,,
AF,2,1,د هایدرو متیورولوژي ډيپارټمنټ,,دیپارتمنت‌هایدرو متیورولوژی,,Department of Hydrometeorology,,https://ku.edu.af/ps/%D8%AF-%D9%87%D8%A7%DB%8C%D8%AF%D8%B1%D9%88-%D9%85%D8%AA%DB%8C%D9%88%D8%B1%D9%88%D9%84%D9%88%DA%98%D9%8A-%DA%89%D9%8A%D9%BE%D8%A7%D8%B1%D9%BC%D9%85%D9%86%D9%BC-%D8%AF-%D9%87%D9%88%D8%A7-%D9%BE%DB%90%DA%98%D9%86%D8%AF%D9%86%DB%90-%DA%89%D9%8A%D9%BE%D8%A7%D8%B1%D9%BC%D9%85%D9%86%D9%BC,,,,,,
AR,3,,Consejo Nacional de Investigaciones Científicas y Técnicas,CONICET,,,National Scientific and Technical Research Council,,https://www.conicet.gov.ar,https://en.wikipedia.org/wiki/National_Scientific_and_Technical_Research_Council,Q6978293,,,,
AR,4,3,"Instituto Argentino de Nivología, Glaciología y Ciencias Ambientales",IANIGLA,,,"Argentine Institute for Snow Research, Glaciology and Environmental Sciences",,https://ianigla.conicet.gov.ar/,,Q119727217,,,,
AR,5,3,Centro Austral de Investigaciones Científicas,CADIC,,,,,https://cadic.conicet.gov.ar/,https://es.wikipedia.org/wiki/Centro_Austral_de_Investigaciones_Cient%C3%ADficas,Q5761046,,,,
AR,6,,Consultoría & Gestión Integral de Montaña,CGM,,,,,,,,,,,
AR,7,,Glaciarium,,,,,,https://glaciarium.com/,https://en.wikipedia.org/wiki/Glaciarium_(museum),Q5566113,,,,
AR,8,,Gobierno de Tierra del Fuego,,,,,,https://www.tierradelfuego.gob.ar/,,Q123588313,,,,
AR,9,8,Dirección General de Recursos Hídricos,,,,,,https://prodyambiente.tierradelfuego.gob.ar/direccion-general-de-recursos-hidricos/,,,,,,
AR,10,,Instituto Antártico Argentino,IAA,,,Argentine Antarctic Institute,,https://www.cancilleria.gob.ar/es/iniciativas/dna/instituto-antartico-argentino,https://en.wikipedia.org/wiki/Instituto_Ant%C3%A1rtico_Argentino,Q980703,,,,
AR,11,10,Departamento de Glaciología,,,,,,,,,,,,
AR,12,,Universidad Nacional de Cuyo,UNCuyo,,,National University of Cuyo,,https://www.uncuyo.edu.ar/,https://en.wikipedia.org/wiki/National_University_of_Cuyo,Q1076209,,,,
AR,13,12,Facultad de Ciencias Agrarias,FCA,,,Faculty of Agricultural Sciences,,https://fca.uncuyo.edu.ar/,,,,,,
AR,14,,Universidad Nacional de Córdoba,UNC,,,National University of Córdoba,,https://www.unc.edu.ar/,https://en.wikipedia.org/wiki/National_University_of_C%C3%B3rdoba,Q1570489,,,,
AR,15,14,"Facultad de Ciencias Exactas, Físicas y Naturales",FCEFyN,,,,,https://fcefyn.unc.edu.ar/,"https://es.wikipedia.org/wiki/Facultad_de_Ciencias_Exactas,_F%C3%ADsicas_y_Naturales_(Universidad_Nacional_de_C%C3%B3rdoba)",Q5854665,,,,
AR,16,,Universidad Nacional de San Juan,UNSJ,,,National University of San Juan,,http://www.unsj.edu.ar,https://en.wikipedia.org/wiki/National_University_of_San_Juan,Q934439,,,,
AR,17,,Universidad Tecnológica Nacional,UTN,,,National Technological University,,https://www.utn.edu.ar/,https://en.wikipedia.org/wiki/National_Technological_University,Q3232206,,,,
AR,18,17,Facultad Regional Buenos Aires,BA,,,,,https://www.frba.utn.edu.ar/,https://en.wikipedia.org/wiki/National_Technological_University_%E2%80%93_Buenos_Aires_Regional_Faculty,Q6978865,,,,
AR,19,,Universidad Nacional de Tierra del Fuego,UNTDF,,,National University of Tierra del Fuego,,http://www.untdf.edu.ar/,https://en.wikipedia.org/wiki/National_University_of_Tierra_del_Fuego,Q5390556,,,,
AR,20,19,"Instituto de Ciencias Polares, Ambiente y Recursos Naturales",ICPA,,,,,https://www.untdf.edu.ar/institutos/icpa,,,,,,
AT,26,,Bundesamt für Eich- und Vermessungswesen,BEV,,,Federal Office of Metrology and Surveying,,https://www.bev.gv.at,https://en.wikipedia.org/wiki/Federal_Office_of_Metrology_and_Surveying_(Austria),Q23177,,,,
AT,27,,Energie AG,,,,,,https://www.energieag.at,https://de.wikipedia.org/wiki/Energie_AG_Ober%C3%B6sterreich,Q1231542,,,,
AT,28,,Land Oberösterreich,,,,State of Upper Austria,,https://www.land-oberoesterreich.gv.at/,,,,,,
AT,29,,Land Tirol,,Amt der Tiroler Landesregierung,,State of Tyrol,,https://www.tirol.gv.at,,,,,,
AT,30,29,Abteilung Geoinformation,,,,,,https://www.tirol.gv.at/sicherheit/geoinformation/,,,,,,
AT,31,554,Hydrographischer Dienst,,,,Hydrographic Service,,https://www.tirol.gv.at/umwelt/wasserwirtschaft/wasserkreislauf/hydrographie/,,,,,,
AT,32,29,tiris,,,,,,https://www.tirol.gv.at/statistik-budget/tiris/tiris-organisation/,,,,,,
AT,33,,Österreichische Akademie der Wissenschaften,ÖAW,,,Austrian Academy of Sciences,,https://www.oeaw.ac.at/,https://en.wikipedia.org/wiki/Austrian_Academy_of_Sciences,Q299015,,,,
AT,34,33,Institut für interdisziplinäre Gebirgsforschung,IGF,,,Institute for Interdisciplinary Mountain Research,,https://www.oeaw.ac.at/igf/,https://de.wikipedia.org/wiki/Institut_f%C3%BCr_Interdisziplin%C3%A4re_Gebirgsforschung,Q1661959,,,,
AT,35,33,Kommission für Geophysikalische Forschungen,,,,,,,,,1952,1991,,
AT,37,,Zentralanstalt für Meteorologie und Geodynamik,ZAMG,,,Central Institute for Meteorology and Geodynamics,,https://www.zamg.ac.at/,https://en.wikipedia.org/wiki/Central_Institution_for_Meteorology_and_Geodynamics,Q190033,1851,2022,,
AT,38,,GeoSphere Austria,,,,,,https://geosphere.at,https://de.wikipedia.org/wiki/GeoSphere_Austria,Q116189368,2023,,37,
AT,39,,Land Salzburg,,Amt der Salzburger Landesregierung,,State of Salzburg,,https://www.salzburg.gv.at/,,,,,,
AT,40,39,Hydrographischer Dienst,,,,Hydrographic Service,,https://www.salzburg.gv.at/dienststellen/abteilungen/207/20704,,,,,,
AT,41,,Österreichischer Alpenverein,ÖAV,,,Austrian Alpine Club,,https://www.alpenverein.at/,https://en.wikipedia.org/wiki/Austrian_Alpine_Club,Q306055,,,,
AT,42,41,Gletschermessdienst,,,,,,https://www.alpenverein.at/portal/museum-archiv/gletschermessdienst/index.php,https://de.wikipedia.org/wiki/Gletschermessdienst,Q31836433,,,,
AT,43,,Universität Graz,UniGraz,,,University of Graz,,https://www.uni-graz.at/,https://en.wikipedia.org/wiki/University_of_Graz,Q622683,,,,
AT,44,43,Institut für Geographie und Raumforschung,,,,Institute of Geography and Regional Science,,https://geographie.uni-graz.at/,,,,,,
AT,45,,Universität Innsbruck,UIBK,,,University of Innsbruck,,https://www.uibk.ac.at/,https://en.wikipedia.org/wiki/University_of_Innsbruck,Q875788,,,,
AT,46,45,Institut für Geographie,,,,Department of Geography,,https://www.uibk.ac.at/geographie/,,Q107549006,,,,
AT,47,45,Institut für Atmosphären- und Kryosphärenwissenschaften,ACINN,,,Department of Atmospheric and Cryospheric Sciences,,https://www.uibk.ac.at/acinn,,Q107548962,,,48,
AT,48,45,Institut für Meteorologie und Geophysik,IMGI,,,Department of Meteorology and Geophysics,,,,,,,,
AT,49,,Universität Salzburg,PLUS,,,,,https://www.plus.ac.at/,https://en.wikipedia.org/wiki/University_of_Salzburg,Q27265,,,,
AT,50,49,Fachbereich Geographie und Geologie,,,,Department of Geography and Geology,,,,,,2022,,
AT,51,49,Fachbereich Geoinformatik,Z_GIS,,,Department of Geoinformatics,,https://www.plus.ac.at/geoinformatik/,,,,,,
AT,52,,Nationalpark Hohe Tauern,,,,High Tauern National Park,,https://hohetauern.at/,https://en.wikipedia.org/wiki/Hohe_Tauern_National_Park,Q696014,,,,
AT,554,29,Abteilung Wasserwirtschaft,,,,,,https://www.tirol.gv.at/umwelt/wasserwirtschaft/,,,,,,
AT,568,,Blue Sky Wetteranalysen,,,,,,https://www.blueskywetter.com/,,,,,,
AU,54,,Australian Antarctic Division,AAD,,,,,http://antarctica.gov.au/,https://en.wikipedia.org/wiki/Australian_Antarctic_Division,Q781331,,,,
AU,55,,Antarctic Climate and Ecosystems Cooperative Research Centre,ACE CRC,,,,,https://wwwace.aappartnership.org.au/,,Q30253727,1991,2019,,
BE,56,,Vrije Universiteit Brussel,VUB,,,Free University of Brussels,,https://www.vub.be/,https://en.wikipedia.org/wiki/Vrije_Universiteit_Brussel,Q612665,,,,
BO,57,,Universidad Mayor de San Andrés,UMSA,,,Higher University of San Andrés,,https://www.umsa.bo/,https://en.wikipedia.org/wiki/Higher_University_of_San_Andr%C3%A9s,Q3290454,,,,
BO,58,57,Instituto de Hidraúlica e Hidrología,IHH,,,,,https://www.umsa.bo/institutos-umsa/-/asset_publisher/1pMoOCPnVT2d/content/instituto-de-hidraulica-e-hidrologia,,,,,,
BO,59,57,Instituto de Investigaciones Geológicas y del Medio Ambiente,IGEMA,,,,,https://igema.umsa.bo/,,,,,,
BT,60,,རྒྱལ་ཡོངས་ཆུ་དཔྱད་དང་གནམ ་གཤིས་རིག་པའི་ལྟེ་བ།,,,,National Center for Hydrology and Meteorology,NCHM,https://www.nchm.gov.bt/,https://en.wikipedia.org/wiki/National_Center_for_Hydrology_and_Meteorology,Q104848634,,,,
CA,62,,British Columbia Hydro and Power Authority,BC Hydro,,,,,https://www.bchydro.com,https://en.wikipedia.org/wiki/BC_Hydro,Q795720,,,,
CA,63,,BC Parks,,,,,,https://bcparks.ca,https://en.wikipedia.org/wiki/BC_Parks,Q2876928,,,,
CA,64,,Columbia Basin Trust,,,,,,https://ourtrust.org,https://en.wikipedia.org/wiki/Columbia_Basin_Trust,Q5149618,,,,
CA,65,,Natural Resources Canada,NRCan,Ressources naturelles Canada,,,,https://natural-resources.canada.ca/,https://en.wikipedia.org/wiki/Natural_Resources_Canada,Q349770,,,,
CA,66,65,Geological Survey of Canada,GSC,Commission géologique du Canada,,,,https://natural-resources.canada.ca/research-centres-and-labs/geological-survey-canada/17100,https://en.wikipedia.org/wiki/Geological_Survey_of_Canada,Q2986634,,,,
CA,67,,University of Northern British Columbia,UNBC,,,,,https://www.unbc.ca/,https://en.wikipedia.org/wiki/University_of_Northern_British_Columbia,Q1165458,,,,
CA,68,,University of Ottawa,uOttawa,,,,,https://www.uottawa.ca,https://en.wikipedia.org/wiki/University_of_Ottawa,Q627969,,,,
CA,69,68,Department of Geography,,,,,,,,,,,,
CA,71,63,Living Lab Program,,,,,,https://bcparks.ca/conservation/living-lab-program/,,,,,,
CA,72,,Hakai Institute,,,,,,https://hakai.org/,https://en.wikipedia.org/wiki/Hakai_Institute,Q5640294,,,,
CA,73,,Jasper National Park,,,,,,https://parks.canada.ca/pn-np/ab/jasper,https://en.wikipedia.org/wiki/Jasper_National_Park,Q503429,,,,
CA,74,,National Hydrology Research Institute,NHRI,,,,,,,,,,,
CA,75,,Parks Canada,PC,Parcs Canada,,,,https://parks.canada.ca/,https://en.wikipedia.org/wiki/Parks_Canada,Q349487,,,,
CA,76,,Polar Continental Shelf Program,PCSP,,,,,https://pcsp.nrcan.gc.ca/,,,1958,,,name: Also called Polar Continental Shelf Project
CA,77,,Queen's University,Queen's,,,,,https://www.queensu.ca/,https://en.wikipedia.org/wiki/Queen%27s_University_at_Kingston,Q1420038,,,,
CA,78,77,Department of Geography and Planning,,,,,,https://www.queensu.ca/geographyandplanning/,,,,,,
CA,79,78,"Ice, Climate, & Environment Laboratory",ICELab,,,,,https://www.queensu.ca/geographyandplanning/icelab/,,,,,,
CA,80,,Université de Sherbrooke,UdeS,,,University of Sherbrooke,,https://www.usherbrooke.ca/,https://en.wikipedia.org/wiki/Universit%C3%A9_de_Sherbrooke,Q2579532,,,,
CA,81,,Trent University,,,,,,https://www.trentu.ca/,https://en.wikipedia.org/wiki/Trent_University,Q3075124,,,,
CA,82,81,Department of Geography,,,,,,https://www.trentu.ca/geography/,,,,,,
CA,83,,University of British Columbia,UBC,,,,,https://www.ubc.ca/,https://en.wikipedia.org/wiki/University_of_British_Columbia,Q391028,,,,
CH,85,,Axpo Holding,Axpo,,,,,https://www.axpo.com,https://en.wikipedia.org/wiki/Axpo_Holding,Q792617,,,,
CH,86,,"Eidgenössische Forschungsanstalt für Wald, Schnee und Landschaft",WSL,,,"Federal Institute for Forest, Snow and Landscape Research",,https://www.wsl.ch,"https://en.wikipedia.org/wiki/Swiss_Federal_Institute_for_Forest,_Snow_and_Landscape_Research",Q1302497,,,,
CH,87,,Eidgenössisches Institut für Schnee- und Lawinenforschung,SLF,,,Institute for Snow and Avalanche Research,,https://www.slf.ch,https://de.wikipedia.org/wiki/WSL-Institut_f%C3%BCr_Schnee-_und_Lawinenforschung_SLF,Q2537688,,,,
CH,88,,Eidgenössische Technische Hochschule Zürich,ETH Zürich,,,ETH Zurich,,https://ethz.ch/,https://en.wikipedia.org/wiki/ETH_Zurich,Q11942,,,,
CH,89,88,"Versuchsanstalt für Wasserbau, Hydrologie und Glaziologie",VAW,,,"Laboratory of Hydraulics, Hydrology and Glaciology",,https://vaw.ethz.ch/,"https://de.wikipedia.org/wiki/Versuchsanstalt_f%C3%BCr_Wasserbau,_Hydrologie_und_Glaziologie_der_ETH_Z%C3%BCrich",Q109497813,,,,
CH,92,,Flotron,,,,,,https://www.flotron.ch,,,,,,
CH,93,,Glacier Monitoring in Switzerland,GLAMOS,,,,,https://www.glamos.ch,https://de.wikipedia.org/wiki/GLAMOS,Q55856670,,,,
CH,94,,Kanton Obwalden,OW,,,Canton of Obwalden,,https://www.ow.ch/,https://en.wikipedia.org/wiki/Obwalden,Q12573,,,,
CH,95,94,Amt für Wald und Landschaft,AWL,,,,,https://www.ow.ch/aemter/210,,,,,,
CH,96,,Kanton Bern,BE,,,Canton of Bern,,https://www.be.ch/,https://en.wikipedia.org/wiki/Canton_of_Bern,Q11911,,,,
CH,97,96,Amt für Wald,KAWA,,,,,,,,,,,
CH,98,96,Amt für Wald und Naturgefahren,AWN,,,,,https://www.weu.be.ch/de/start/ueber-uns/die-organisation/amt-fuer-wald-naturgefahren.html,,,,,97,
CH,99,98,Abteilung Naturgefahren,,,,,,,,,,,,
CH,100,,Kanton Glarus,GL,,,Canton of Glarus,,https://www.gl.ch/,https://en.wikipedia.org/wiki/Canton_of_Glarus,Q11922,,,,
CH,101,100,Abteilung Wald und Naturgefahren,AWN,,,,,https://www.gl.ch/verwaltung/bau-und-umwelt/umwelt-wald-und-energie/wald-und-naturgefahren.html/733,,,,,,
CH,102,,Kanton Graubünden,GR,,,Canton of Graubünden,,https://www.gr.ch/,https://en.wikipedia.org/wiki/Grisons,Q11925,,,,
CH,103,102,Amt für Wald und Naturgefahren,AWN,,,,,https://www.gr.ch/DE/institutionen/verwaltung/diem/awn,,,,,,
CH,105,,Kanton St. Gallen,SG,,,Canton of St. Gallen,,https://www.sg.ch/,https://en.wikipedia.org/wiki/Canton_of_St._Gallen,Q12746,,,,
CH,106,105,Kantonsforstamt,KFA,,,,,https://www.sg.ch/politik-verwaltung/departemente-und-staatskanzlei/volkswirtschaftsdepartement/kantonsforstamt.html,,,,,,
CH,108,,Cantone Ticino,TI,,,Canton of Ticino,,https://www.ti.ch/,https://en.wikipedia.org/wiki/Ticino,Q12724,,,,
CH,109,108,Sezione forestale,SF,,,,,https://www.ti.ch/sf,,,,,,
CH,110,,Kanton Uri,UR,,,Canton of Uri,,https://www.ur.ch/,https://en.wikipedia.org/wiki/Canton_of_Uri,Q12404,,,,
CH,111,110,Amt für Forst und Jagd,AFJ,,,,,https://www.ur.ch/aemter/2455,,,,,,
CH,112,,Canton du Valais,VS,Kanton Wallis,,Canton of Valais,,https://www.vs.ch/,https://en.wikipedia.org/wiki/Valais,Q834,,,,
CH,114,112,Service des forêts et du paysage,SFP,Dienststelle für Wald und Landschaft,DWL,,,,,,,,,
CH,115,112,"Service des forêts, des cours d'eau et du paysage",SFCEP,"Dienststelle für Wald, Flussbau und Landschaft",DWFL,,,,,,,,114,
CH,118,,Canton de Vaud,VD,,,Canton of Vaud,,https://www.vd.ch/,https://en.wikipedia.org/wiki/Vaud,Q12771,,,,
CH,119,118,"Service des forêts, de la faune et de la nature",FFN,,,,,,,,,,,
CH,121,,Swiss Academy of Sciences,SCNAT,,,,,https://scnat.ch/,https://en.wikipedia.org/wiki/Swiss_Academy_of_Sciences,Q109524342,,,,
CH,122,121,Schweizerische Kommission für Kryosphärenbeobachtung,EKK,,,Swiss Commission for Cryosphere observation,SCC,https://cryosphere.scnat.ch/,,,,,,
CH,123,,Universität Bern,UniBe,Université de Berne,,University of Bern,,https://unibe.ch,https://en.wikipedia.org/wiki/University_of_Bern,Q659080,,,,
CH,125,,MeteoSwiss,,,,,,https://www.meteoswiss.admin.ch/,https://en.wikipedia.org/wiki/MeteoSwiss,Q674998,,,,
CH,126,125,Osservatorio Ticinese,,,,,,,,,1935,,,
CH,128,,Radio Télévision Suisse,RTS,,,,,https://www.rts.ch/,https://en.wikipedia.org/wiki/Radio_T%C3%A9l%C3%A9vision_Suisse,Q3416973,,,,
CH,130,,Swisstopo,,,,,,https://www.swisstopo.admin.ch/,https://en.wikipedia.org/wiki/Swisstopo,Q685592,,,,
CH,131,,United Nations Institute for Training and Research,UNITAR,,,,,https://www.unitar.org,https://en.wikipedia.org/wiki/United_Nations_Institute_for_Training_and_Research,Q131878,,,,
CH,133,131,United Nations Satellite Centre,UNOSAT,,,,,https://www.unitar.org/sustainable-development-goals/united-nations-satellite-centre-UNOSAT,https://en.wikipedia.org/wiki/UNOSAT,Q2467638,,,,
CH,134,,Université de Fribourg,UNIFR,,,University of Fribourg,,https://www.unifr.ch/,https://en.wikipedia.org/wiki/University_of_Fribourg,Q36188,,,,
CH,135,134,Département des géosciences,DGUF,,,Department of Geosciences,,https://www.unifr.ch/geo/,,,,,,
CH,136,135,Cryospheric Climate Services for Improved Adaptation,CICADA,,,,,https://www.unifr.ch/geo/cryosphere/en/projects/glacier-monitoring-and-dynamics/cicada.html,,,,,,
CH,137,,Universität Zürich,UZH,,,University of Zurich,,https://www.uzh.ch/,https://en.wikipedia.org/wiki/University_of_Zurich,Q206702,,,,
CH,138,137,Geographisches Institut,GIUZ,,,Department of Geography,,https://www.geo.uzh.ch/,,,,,,
CH,139,,World Glacier Monitoring Service,WGMS,,,,,https://wgms.ch/,https://en.wikipedia.org/wiki/World_Glacier_Monitoring_Service,Q656311,,,,
CH,141,,Pro Natura,,,,,,https://www.pronatura.ch/,https://en.wikipedia.org/wiki/Pro_Natura_(Switzerland),Q689707,,,,
CH,142,,Université de Lausanne,UNIL,,,University of Lausanne,,https://www.unil.ch,https://en.wikipedia.org/wiki/University_of_Lausanne,Q658975,,,,
CH,546,,Electricité d'Emosson,Emosson,,,,,https://emosson.ch,,,,,,
CH,551,123,Geographisches Institut,GIUB,,,Institute of Geography,,https://www.geography.unibe.ch,,,,,,
CL,144,,Centro de Estudios Científicos,CECs,,,Center for Scientific Studies,,http://cecs.cl,https://en.wikipedia.org/wiki/Centro_de_Estudios_Cient%C3%ADficos,Q5062907,,,,
CL,145,,Universidad de Magallanes,UMAG,,,University of Magallanes,,http://www.umag.cl/,https://en.wikipedia.org/wiki/University_of_Magallanes,Q5947836,,,,
CL,147,,Ministerio de Obras Públicas,MOP,,,Ministry of Public Works,,https://www.mop.gob.cl/,https://en.wikipedia.org/wiki/Ministry_of_Public_Works_(Chile),Q4294544,,,,
CL,148,147,Dirección General de Aguas,DGA,,,,,https://dga.mop.gob.cl/,https://es.wikipedia.org/wiki/Direcci%C3%B3n_General_de_Aguas,Q106191319,,,,
CL,149,,Universidad Austral de Chile,UACH,,,Austral University of Chile,,https://www.uach.c,https://en.wikipedia.org/wiki/Austral_University_of_Chile,Q961982,,,,
CL,150,149,Instituto de Ciencias Físicas y Matemáticas,ICFM,,,,,https://ciencias.uach.cl/icfm/,,,,,,
CL,151,,Unversidad de Chile,UChile,,,University of Chile,,https://uchile.cl/,https://en.wikipedia.org/wiki/University_of_Chile,Q232141,,,,
CL,152,151,Departamento de Geografía,,,,Department of Geography,,https://fau.uchile.cl/geografia,,,,,,
CL,548,,Universidad Andrés Bello,UNAB,,,Andrés Bello University,,https://unab.cl,https://en.wikipedia.org/wiki/Andr%C3%A9s_Bello_National_University,Q3348434,,,,
CL,552,,Centro de Estudios Avanzados en Zonas Áridas,CEAZA,,,,,https://ceaza.cl,,,,,,
CN,153,,中国科学院,,,,Chinese Academy of Sciences,CAS,https://www.cas.cn/,https://en.wikipedia.org/wiki/Chinese_Academy_of_Sciences,Q530471,,,,
CN,154,153,兰州冰川冻土研究所,,,,Lanzhou Institute of Glaciology and Geocryology,LIGG,,,,,,,History at https://baike.sogou.com/m/fullLemma?lid=53232434
CN,155,153,寒区旱区环境与工程研究所,,,,Cold and Arid Regions Environmental and Engineering Research Institute,CAREERI,,,Q30256055,,,154,
CN,156,153,西北生态环境资源研究院,,,,Northwest Institute of Eco-Environment and Resources,NIEER,http://www.nieer.cas.cn/,https://zh.wikipedia.org/wiki/%E4%B8%AD%E5%9B%BD%E7%A7%91%E5%AD%A6%E9%99%A2%E8%A5%BF%E5%8C%97%E7%94%9F%E6%80%81%E7%8E%AF%E5%A2%83%E8%B5%84%E6%BA%90%E7%A0%94%E7%A9%B6%E9%99%A2,Q47520042,,,155,
CN,157,156,天山冰川观测试验站,,,,Tianshan Glaciological Station,,,https://zh.wikipedia.org/wiki/%E4%B8%AD%E5%9B%BD%E7%A7%91%E5%AD%A6%E9%99%A2%E5%A4%A9%E5%B1%B1%E5%86%B0%E5%B7%9D%E8%A7%82%E6%B5%8B%E8%AF%95%E9%AA%8C%E7%AB%99,,,,,
CN,158,153,青藏高原研究所,,,,Institute of Tibetan Plateau Research,ITP,https://itpcas.cas.cn/,https://zh.wikipedia.org/wiki/%E4%B8%AD%E5%9B%BD%E7%A7%91%E5%AD%A6%E9%99%A2%E9%9D%92%E8%97%8F%E9%AB%98%E5%8E%9F%E7%A0%94%E7%A9%B6%E6%89%80,Q30259629,,,,
CN,159,153,新疆生态与地理研究所,,,,Xinjiang Institute of Geography and Ecology,EGI,http://www.egi.cas.cn/,https://zh.wikipedia.org/wiki/%E4%B8%AD%E5%9B%BD%E7%A7%91%E5%AD%A6%E9%99%A2%E6%96%B0%E7%96%86%E7%94%9F%E6%80%81%E4%B8%8E%E5%9C%B0%E7%90%86%E7%A0%94%E7%A9%B6%E6%89%80,Q30259643,1998,,,
CN,160,,兰州大学,,,,Lanzhou University,LZU,https://www.lzu.edu.cn/,https://en.wikipedia.org/wiki/Lanzhou_University,Q4475799,1909,,,
CN,161,160,西部环境重点实验室,,,,Key Laboratory of Western China's Environmental Systems,WEL,http://wel.lzu.edu.cn/,,,,,,
CO,162,,Instituto Nacional de Investigaciones Geológico-Mineras,INGEOMINAS,,,,,,,,1968,2004,,
CO,163,,Instituto Colombiano de Geología y Minería,INGEOMINAS,,,,,,,,2004,2011,162,
CO,166,,Instituto Geográfico Agustín Codazzi,IGAC,,,Geographic Institute Agustín Codazzi,,https://www.igac.gov.co/,https://en.wikipedia.org/wiki/Geographic_Institute_Agust%C3%ADn_Codazzi,Q3152313,,,,
CO,167,,"Instituto de Hidrología, Meteorología y Estudios Ambientales",IDEAM,,,"Institute of Hydrology, Meteorology and Environmental Studies",,http://www.ideam.gov.co/,"https://en.wikipedia.org/wiki/Institute_of_Hydrology,_Meteorology_and_Environmental_Studies_(Colombia)",Q2890179,,,,
CO,169,,Universidad Nacional de Colombia,UNAL,,,National University of Colombia,,https://unal.edu.co/,https://en.wikipedia.org/wiki/National_University_of_Colombia,Q1150419,,,,
CZ,170,,Univerzita Karlova,UK,,,Charles University,,https://cuni.cz/,https://en.wikipedia.org/wiki/Charles_University,Q31519,,,,
CZ,171,170,Katedra fyzické geografie a geoekologie,,,,Department of Physical Geography and Geoecology,,https://www.natur.cuni.cz/geografie/fyzgeo,,,,,,
CZ,172,,Česká geologická služba,CGS,,,Czech Geological Survey,CGS,https://cgs.gov.cz/,https://cs.wikipedia.org/wiki/%C4%8Cesk%C3%A1_geologick%C3%A1_slu%C5%BEba,Q11280554,,,,
DE,173,,Bayerische Akademie der Wissenschaften,BAdW,,,Bavarian Academy of Sciences and Humanities,,https://badw.de/,https://en.wikipedia.org/wiki/Bavarian_Academy_of_Sciences_and_Humanities,Q684415,,,,
DE,174,173,Kommission für Glaziologie,KfG,,,Commission for Glaciology,,https://geo.badw.de/geschichte/kommission-fuer-glaziologie.html,,,1962,2010,,
DE,175,173,Kommission für Erdmessung und Glaziologie,KEG,,,Commission for Geodesy and Glaciology,,https://geo.badw.de/geschichte/kommission-fuer-erdmessung-und-glaziologie.html,,,2010,,174,
DE,176,,Deutsches GeoForschungsZentrum,GFZ,,,German Research Centre for Geosciences,,https://www.gfz-potsdam.de/,https://en.wikipedia.org/wiki/GFZ_German_Research_Centre_for_Geosciences,Q1205654,,,,
DE,177,,Deutsche Forschungsgemeinschaft,DFG,,,German Reseach Foundation,,https://www.dfg.de/,https://en.wikipedia.org/wiki/German_Research_Foundation,Q707283,,,,
DE,178,,Universität Freiburg,,,,University of Freiburg,,https://uni-freiburg.de/,https://en.wikipedia.org/wiki/University_of_Freiburg,Q153987,,,,
DE,179,,Ludwig-Maximilians-Universität,LMU,,,Ludwig Maximilian University,LMU,https://www.lmu.de/,https://en.wikipedia.org/wiki/Ludwig_Maximilian_University_of_Munich,Q55044,,,,
DE,180,179,Department für Geographie,,,,Department of Geography,,https://www.geographie.uni-muenchen.de/,,,,,,
DE,181,,Technische Universität Dresden,TUD,,,Dresden University of Technology,,https://tu-dresden.de/,https://en.wikipedia.org/wiki/TU_Dresden,Q158158,,,,
DE,182,181,Institut für Kartographie,IfK,,,Institute of Cartography,,https://tu-dresden.de/bu/umwelt/geo/ifk,,,,,,
DE,183,,Universität Würzburg,,,,University of Würzburg,,https://www.uni-wuerzburg.de/,https://en.wikipedia.org/wiki/University_of_W%C3%BCrzburg,Q161976,,,,
DE,184,183,Institut für Geographie,,,,,,,,,,,,
DE,186,,Universität Erlangen-Nürnberg,FAU,,,University of Erlangen-Nuremberg,,https://www.fau.eu/,https://en.wikipedia.org/wiki/University_of_Erlangen%E2%80%93Nuremberg,Q40025,,,,
DE,187,,Bundesministerium für Wirtschaft und Energie,BMWi,,,Federal Ministry for Economic Affairs and Energy,,,,,2013,2021,,
DK,190,,Greenland Ecosystem Monitoring,GEM,,,,,https://g-e-m.dk,,Q81654885,,,,
DK,191,190,GlacioBasis,,,,,,https://g-e-m.dk/gem-science-programme/glaciobasis-programme,,,,,,
DK,192,190,ClimateBasis,,,,,,https://g-e-m.dk/gem-science-programme/climatebasis-programme,,,,,,
DK,193,,Grønlands Tekniske Organisation,GTO,,,Greenland Technical Organization,,,https://da.wikipedia.org/wiki/Gr%C3%B8nlands_Tekniske_Organisation,Q108583950,1950,1990,,
DK,194,,Aarhus Universitet,AU,,,Aarhus University,AU,https://www.au.dk,https://en.wikipedia.org/wiki/Aarhus_University,Q924265,,,,
DK,195,194,Institut for Geoscience,,,,Department of Geoscience,,https://geo.au.dk/,https://da.wikipedia.org/wiki/Institut_for_Geoscience_(Aarhus_Universitet),Q12318442,,,,
DK,196,,Grønlands Geologiske Undersøgelse,GGU,,,Greenlandic Geological Survey,,,,Q120737682,1946,1995,,
DK,197,,Danmarks og Grønlands Geologiske Undersøgelse,GEUS,,,Geological Survey of Denmark and Greenland,,https://www.geus.dk,https://en.wikipedia.org/wiki/Geological_Survey_of_Denmark_and_Greenland,Q4993674,1995,,196,
DK,199,197,Afdeling for Kvartærgeologi,,,,Department of Quaternary Geology,GEUS Geology,,,,,2009,,
DK,202,,Danmarks Tekniske Universitet,DTU,,,Technical University of Denmark,,https://www.dtu.dk,https://en.wikipedia.org/wiki/Technical_University_of_Denmark,Q1269766,1829,,,
DK,203,,Københavns Universitet,KU,,,University of Copenhagen,,https://www.ku.dk/,https://en.wikipedia.org/wiki/University_of_Copenhagen,Q186285,,,,
DK,204,203,Institut for Geografi og Geologi,IGG,,,Department of Geography and Geology,,,https://da.wikipedia.org/wiki/Institut_for_Geografi_og_Geologi,Q12318440,2007,2013,,
DK,206,203,Statens Naturhistoriske Museum,SNM,,,Natural History Museum of Denmark,,https://snm.ku.dk/,https://en.wikipedia.org/wiki/Natural_History_Museum_of_Denmark,Q978464,,,,
EC,207,,Instituto Nacional de Meteorología e Hidrología,INAMHI,,,,,https://www.inamhi.gob.ec/,https://en.wikipedia.org/wiki/Instituto_Nacional_de_Meteorolog%C3%ADa_e_Hidrolog%C3%ADa_(Ecuador),Q6041375,,,,
EC,208,207,Programa Glaciares Ecuador,,,,,,,,,,,,
ES,209,,Ingeniería 75,,,,,,,,,,2020,,
ES,210,,Agrupación Mediterránea de Ingeniería,AMINSA,,,,,https://www.aminsa.com,,,,,,
ES,211,,SPESA Ingeniería,,,,,,https://spesaingenieria.com/,,,,,,
ES,212,,Ministerio de Ciencia e Innovación,,,,Ministry of Science and Innovation,,https://www.ciencia.gob.es/,https://en.wikipedia.org/wiki/Ministry_of_Science_(Spain),Q3315331,2008,2023,,"end_year: Name was used 2008-2011, 2020-2023 | wikidata_id: More specifically Q85874966"
ES,213,212,Agencia Estatal de Investigación,AEI,,,State Research Agency,,https://www.aei.gob.es/,https://en.wikipedia.org/wiki/State_Research_Agency,Q32826443,,,,
ES,214,,Ministerio del Medio Ambiente,MMA,,,,,https://mma.gob.cl/,,,1996,2008,,
ES,215,214,Planificación Hidrológica y Uso Sostenible del Agua,,,,,,,,,,,,parent_agency_id: Likely was a child of Dirección General del Agua
ES,216,,"Ministerio de Medio Ambiente, Medio Rural y Marino",MMAMRM,,,,,,,,2008,2012,214,
ES,217,216,Dirección General del Agua,DGA,,,,,https://www.miteco.gob.es/es/ministerio/funciones-estructura/organigrama/dg_agua.html,https://es.wikipedia.org/wiki/Direcci%C3%B3n_General_del_Agua,Q43005425,1991,,,"parent_agency_id: Parent changed over the years (see https://es.wikipedia.org/wiki/Ministerio_de_Medio_Ambiente,_y_Medio_Rural_y_Marino, https://es.wikipedia.org/wiki/Ministerio_de_Agricultura,_Alimentaci%C3%B3n_y_Medio_Ambiente, ...)"
ES,218,,Universidad Politécnica de Madrid,UPM,,,Technical University of Madrid,,https://www.upm.es/,https://en.wikipedia.org/wiki/Technical_University_of_Madrid,Q25864,,,,
ES,219,218,Escuela Técnica Superior de Ingenieros de Telecomunicación,ETSIT,,,,,https://www.etsit.upm.es/,https://es.wikipedia.org/wiki/Escuela_T%C3%A9cnica_Superior_de_Ingenieros_de_Telecomunicaci%C3%B3n_(Universidad_Polit%C3%A9cnica_de_Madrid),Q5838964,,,,
ES,220,,Universitat Politècnica de València,UPV,Universidad Politécnica de Valencia,UPV,Technical University of Valencia,,https://www.upv.es/,https://en.wikipedia.org/wiki/Technical_University_of_Valencia,Q2003976,,,,
ES,221,220,Departamento de Ingeniería del Terreno,DIT,Departament d'Enginyeria del Terreny,,Department of Geological and Geotechnical Engineering,,https://www.upv.es/entidades/DIT/,,,,,,
FI,222,,Ilmatieteen laitos,,,,Finnish Meteorological Institute,FMI,https://www.ilmatieteenlaitos.fi/,https://en.wikipedia.org/wiki/Finnish_Meteorological_Institute,Q3266959,,,,
FR,227,,"Centre d'études du machinisme agricole, du génie rural, des eaux et des forêts",Cemagref,,,,,,,,1981,2011,,
FR,228,,Institut national de recherche en sciences et technologies pour l'environnement et l'agriculture,IRSTEA,,,,,,https://en.wikipedia.org/wiki/Institut_national_de_recherche_en_sciences_et_technologies_pour_l%27environnement_et_l%27agriculture,Q3152425,2012,2019,227,
FR,229,,"Institut national de recherche pour l'agriculture, l'alimentation et l'environnement",INRAE,,,"National Research Institute for Agriculture, Food and the Environment",,https://www.inrae.fr/,"https://fr.wikipedia.org/wiki/Institut_national_de_recherche_pour_l%27agriculture,_l%27alimentation_et_l%27environnement",Q70571774,2020,,228,
FR,230,229,Érosion Torrentielle Neige et Avalanche,ETNA,,,,,https://www6.lyon-grenoble.inrae.fr/etna,,Q51782772,,2022,,end_year: Merged with Institut des Géosciences de l'Environnement (IGE) in 2023
FR,231,,Centre national de la recherche scientifique,CNRS,,,National Centre for Scientific Research,,https://www.cnrs.fr,https://en.wikipedia.org/wiki/French_National_Centre_for_Scientific_Research,Q280413,,,,
FR,232,231,Institut national des sciences de l'Univers,INSU,,,,,https://www.insu.cnrs.fr/,https://fr.wikipedia.org/wiki/CNRS_Terre_%26_Univers,Q3152437,,,,
FR,233,,"Environnements, dynamiques et territoires de montagne",Edytem,,,,,https://edytem.osug.fr/,,Q51784816,2005,,,
FR,234,,Laboratoire de glaciologie et géophysique de l'environnement,LGGE,,,,,,https://fr.wikipedia.org/wiki/Institut_des_g%C3%A9osciences_de_l%27environnement#Laboratoire_de_glaciologie_et_g%C3%A9ophysique_de_l'environnement,Q3214451,1970,2016,,
FR,235,,Institut des géosciences de l'environnement,IGE,,IGE Grenoble,,,https://www.ige-grenoble.fr/,https://fr.wikipedia.org/wiki/Institut_des_g%C3%A9osciences_de_l%27environnement,Q52604595,2017,,234,
FR,236,,Institut de recherche pour le développement,IRD,,,Institute for Sustainable Development,,https://www.ird.fr,https://en.wikipedia.org/wiki/Research_Institute_for_Development,Q2910510,,,,
FR,237,236,Great Ice,,,,,,https://great-ice.ird.fr/,,,2011,,,
FR,238,,Association Moraine,,,,,,http://asso.moraine.free.fr,,,,,,
FR,239,,Centre national d'études spatiales,CNES,,,National Centre for Space Studies,,https://cnes.fr,https://en.wikipedia.org/wiki/CNES,Q48756,,,,
FR,242,,European Space Agency,ESA,,,,,https://www.esa.int/,https://en.wikipedia.org/wiki/European_Space_Agency,Q42262,,,,
FR,243,,Glaciolab,,,,,,,,,,,,
FR,244,,Laboratoire d'études en géophysique et océanographie spatiales,LEGOS,,,,,https://www.legos.omp.eu/,https://fr.wikipedia.org/wiki/Laboratoire_d%27%C3%A9tudes_en_g%C3%A9ophysique_et_oc%C3%A9anographie_spatiales,Q3214437,,,,
FR,245,,Mairie de Saint-Gervais-les-Bains,,,,,,https://www.saintgervais.com/mairie/,,Q119327677,,,,
FR,246,,Parc national des Ecrins,,,,Écrins National Park,,https://www.ecrins-parcnational.fr/,https://en.wikipedia.org/wiki/%C3%89crins_National_Park,Q476446,,,,
FR,247,,Université de Toulouse,UT,,,University of Toulouse,,https://www.univ-toulouse.fr/,https://en.wikipedia.org/wiki/Federal_University_of_Toulouse_Midi-Pyr%C3%A9n%C3%A9es,Q1273188,2023,,,
FR,248,,Université de Franche-Comté,UFR,,,University of Franche-Comté,,https://www.univ-fcomte.fr,https://en.wikipedia.org/wiki/University_of_Franche-Comt%C3%A9,Q829449,,,,
FR,249,,Université Joseph Fourier,UJF,,,Joseph Fourier University,,,https://en.wikipedia.org/wiki/Joseph_Fourier_University,Q955647,1970,2015,,
FR,250,,Université Grenoble-Alpes,UGA,,,Grenoble Alpes University,,https://www.univ-grenoble-alpes.fr/,https://en.wikipedia.org/wiki/Grenoble_Alpes_University,Q945876,2016,,249,
FR,251,,Institut d'ingénierie et de management,Grenoble INP,,,Graduate schools of Engineering and Management,,https://www.grenoble-inp.fr,https://en.wikipedia.org/wiki/Grenoble_Institute_of_Technology,Q1665121,,,,
FR,545,,Parc national de la Vanoise,,,,Vanoise National Park,,https://www.vanoise-parcnational.fr,https://en.wikipedia.org/wiki/Vanoise_National_Park,Q174250,,,,
GB,252,,Durham University,,,,,,https://www.durham.ac.uk/,https://en.wikipedia.org/wiki/Durham_University,Q458393,,,,
GB,253,252,Department of Geography,,,,,,https://www.durham.ac.uk/departments/academic/geography/,,Q86019829,,,,
GB,254,,Staffordshire University,,,,,,https://www.staffs.ac.uk/,https://en.wikipedia.org/wiki/Staffordshire_University,Q1534573,,,,
GB,256,,University of Birmingham,,,,,,https://www.birmingham.ac.uk/,https://en.wikipedia.org/wiki/University_of_Birmingham,Q223429,,,,
GB,257,,University of Edinburgh,,,,,,https://www.ed.ac.uk/,https://en.wikipedia.org/wiki/University_of_Edinburgh,Q160302,,,,
GB,258,,University of Exeter,,,,,,https://www.exeter.ac.uk/,https://en.wikipedia.org/wiki/University_of_Exeter,Q1414861,,,,
GB,259,,University of Saint Andrews,,,,,,https://www.st-andrews.ac.uk/,https://en.wikipedia.org/wiki/University_of_St_Andrews,Q216273,,,,
GB,260,,University of Stirling,,,,,,https://www.stir.ac.uk/,https://en.wikipedia.org/wiki/University_of_Stirling,Q963530,,,,
GB,261,,Natural Environment Research Council,NERC,,,,,https://www.ukri.org/councils/nerc/,https://en.wikipedia.org/wiki/Natural_Environment_Research_Council,Q4272261,,,,
GB,262,,University of Leeds,,,,,,https://www.leeds.ac.uk/,https://en.wikipedia.org/wiki/University_of_Leeds,Q503424,,,,
GB,263,262,School of Geography,,,,,,https://environment.leeds.ac.uk/geography,"https://en.wikipedia.org/wiki/School_of_Geography,_University_of_Leeds",Q7432461,,,,
GB,266,,University of Sheffield,,,,,,https://www.sheffield.ac.uk/,https://en.wikipedia.org/wiki/University_of_Sheffield,Q823917,,,,
GB,267,266,Department of Geography,,,,,,https://www.sheffield.ac.uk/geography,,Q86019335,,,,
GE,268,,ილიას სახელმწიფო უნივერსიტეტი,ილიაუნი,,,Ilia State University,ILIAUNI,https://iliauni.edu.ge/,https://en.wikipedia.org/wiki/Ilia_State_University,Q2324420,,,,
GE,270,,შოთა რუსთაველის ეროვნული სამეცნიერო ფონდი,,,,Shota Rustaveli National Science Foundation,,http://www.rustaveli.org.ge/,https://ka.wikipedia.org/wiki/%E1%83%A8%E1%83%9D%E1%83%97%E1%83%90_%E1%83%A0%E1%83%A3%E1%83%A1%E1%83%97%E1%83%90%E1%83%95%E1%83%94%E1%83%9A%E1%83%98%E1%83%A1_%E1%83%A1%E1%83%90%E1%83%A5%E1%83%90%E1%83%A0%E1%83%97%E1%83%95%E1%83%94%E1%83%9A%E1%83%9D%E1%83%A1_%E1%83%94%E1%83%A0%E1%83%9D%E1%83%95%E1%83%9C%E1%83%A3%E1%83%9A%E1%83%98_%E1%83%A1%E1%83%90%E1%83%9B%E1%83%94%E1%83%AA%E1%83%9C%E1%83%98%E1%83%94%E1%83%A0%E1%83%9D_%E1%83%A4%E1%83%9D%E1%83%9C%E1%83%93%E1%83%98,Q16377946,,,,
GE,271,,თბილისის სახელმწიფო უნივერსიტეტი,თსუ,,,Tbilisi State University,TSU,https://www.tsu.ge/,https://en.wikipedia.org/wiki/Tbilisi_State_University,Q37008,,,,
GE,272,271,ვახუშტი ბაგრატიონის გეოგრაფიის ინსტიტუტი,,,,Vakhushti Bagrationi Institute of Geography,VBIG,https://vbig.ge/,https://en.wikipedia.org/wiki/Vakhushti_Bagrationi_Institute_of_Geography,Q16369106,1933,,,
GL,273,,ASIAQ Greenland Survey,ASIAQ,,,,,https://www.asiaq-greenlandsurvey.gl/,,Q61932039,1993,,193,
IN,275,,Geological Survey of India,GSI,,,,,https://www.gsi.gov.in,https://en.wikipedia.org/wiki/Geological_Survey_of_India,Q3631634,,,,
IN,276,275,Glaciology Divison,,,,,,,,,,,,
IN,279,,Jawaharlal Nehru University,JNU,,,,,https://www.jnu.ac.in/,https://en.wikipedia.org/wiki/Jawaharlal_Nehru_University,Q1147063,,,,
IN,280,279,School of Environmental Sciences,SES,,,,,https://www.jnu.ac.in/ses,,Q101004056,,,,
IN,281,,National Centre for Polar and Ocean Research,NCPOR,,,,,https://ncpor.res.in/,https://en.wikipedia.org/wiki/National_Centre_for_Polar_and_Ocean_Research,Q3351035,,,,
IN,282,,National Institute of Hydrology,NIH,,,,,https://www.nihroorkee.gov.in/,https://en.wikipedia.org/wiki/National_Institute_of_Hydrology,Q6973667,,,,
IN,283,,Department of Science and Technology,DST,,,,,https://dst.gov.in,https://en.wikipedia.org/wiki/Department_of_Science_and_Technology_(India),Q3595663,,,,
IN,284,,Indian Space Research Organisation,ISRO,,,,,https://www.isro.gov.in/,https://en.wikipedia.org/wiki/ISRO,Q229058,,,,
IN,285,,Space Applications Centre,SAC,,,,,https://www.sac.gov.in,https://en.wikipedia.org/wiki/Space_Applications_Centre,Q2173159,,,,
IN,286,,Wadia Institute of Himalayan Geology,WIHG,,,,,https://www.wihg.res.in/,https://en.wikipedia.org/wiki/Wadia_Institute_of_Himalayan_Geology,Q12452363,,,,
IS,290,,Veðurstofa Íslands,Veðurstofan,,,Icelandic Meteorological Office,IMO,https://www.vedur.is/,https://en.wikipedia.org/wiki/Icelandic_Meteorological_Office,Q3481337,,,,
IS,291,,Jöklarannsóknafélag­ Íslands,JÖRFÍ,,,Iceland Glaciological Society,IGS,https://jorfi.is/,https://is.wikipedia.org/wiki/J%C3%B6klaranns%C3%B3knaf%C3%A9lag_%C3%8Dslands,Q16429837,1950,,,
IS,292,,Orkustofnun,,,,National Energy Authority,,https://orkustofnun.is/,https://is.wikipedia.org/wiki/Orkustofnun,Q16423491,,,,
IS,293,292,Vatnamælingar,,,,Hydrological Survey,,,,,,,,
IS,294,,Íslenskar orkurannsóknir,ÍSOR,,,Iceland GeoSurvey,,https://isor.is/,https://en.wikipedia.org/wiki/Iceland_GeoSurvey,Q5985669,2003,,,
IS,295,,Landsvirkjun,,,,National Power Company,,https://www.landsvirkjun.com/,https://en.wikipedia.org/wiki/Landsvirkjun,Q1780417,,,,
IS,296,,Háskóli Íslands,HI,,,University of Iceland,,https://www.hi.is/,https://en.wikipedia.org/wiki/University_of_Iceland,Q196559,,,,
IS,297,296,Jarðvísindastofnun,,,,Institute of Earth Sciences,,https://jardvis.hi.is/,,,,,,
IS,547,,Landmælingar Íslands,LMI,,,National Land Survey of Iceland,,https://www.lmi.is,https://sv.wikipedia.org/wiki/Landm%C3%A6lingar_%C3%8Dslands,Q106704593,,,,
IT,307,,Comitato Glaciologico Italiano,CGI,,,Italian Glaciological Committee,,https://www.glaciologia.it,,,1895,,,
IT,308,,Ministero dell'università e della ricerca,MUR,,,Ministry of Universities and Research,,https://www.mur.gov.it/,https://it.wikipedia.org/wiki/Ministero_dell%27universit%C3%A0_e_della_ricerca,Q3858483,2006,,,end_year: Operated under different names 2008-2020
IT,309,308,Consiglio Nazionale delle Ricerche,CNR,,,National Research Council,,https://www.cnr.it/,https://en.wikipedia.org/wiki/National_Research_Council_(Italy),Q902464,,,,
IT,310,309,Istituto di Ricerca per la Protezione Idrogeologica,IRPI,,,Research Institute for Geo-Hydrological Protection,,https://www.irpi.cnr.it/,,Q18145525,,,,
IT,311,309,Istituto sull'Inquinamento Atmosferico,IIA,,,Institute of Atmospheric Pollution Research,,https://iia.cnr.it/,,Q38908129,,,,
IT,312,309,Istituto di Metodologie per l'Analisi Ambientale,IMAA,,,Institute of Methodologies for Environmental Analysis,,https://www.imaa.cnr.it/,,Q30263758,,,,
IT,313,,Corpo Nazionale Soccorso Alpino e Speleologico,CNSAS,,,,,https://www.cnsas.it/,https://it.wikipedia.org/wiki/Corpo_nazionale_soccorso_alpino_e_speleologico,Q1134637,,,,
IT,316,555,Center of Excellence in Telesensing of Environment and Model Prediction of Severe Events,CETEMPS,,,,,https://cetemps.aquila.infn.it/,,,2001,,,
IT,317,,Club Alpino Italiano,CAI,,,Italian Alpine Club,,https://www.cai.it/,https://en.wikipedia.org/wiki/Club_Alpino_Italiano,Q795273,,,,
IT,318,317,Sezione Majella-Chieti,,,,,,https://www.caichieti.it/,,,,,,
IT,319,317,Sezione di Lanciano,,,,,,https://www.cailanciano.it/,,,,,,
IT,320,317,Sezione di Perugia,,,,,,https://www.caiperugia.it/,,,,,,
IT,321,317,Sezione di Roma,,,,,,https://www.cairoma.it/,,,,,,
IT,322,317,Sezione di Valfurva,,,,,,https://www.caialtavaltellina.it/it/c/cai-valfurva1.html,,,,,,
IT,323,,Istituto Nazionale della Montagna,IMONT,,,Italian Mountain Institute,,,,,,2006,,
IT,324,,Ente Italiano della Montagna,EIM,,,Italian Mountain Authority,,,,,2006,2010,323,
IT,325,,Provincia Autonoma di Trento,Trentino,,,,,https://www.provincia.tn.it/,https://en.wikipedia.org/wiki/Trentino,Q16289,,,,
IT,326,325,Ufficio Previsioni e Pianificazione,,,,,,https://www.provincia.tn.it/Amministrazione/Strutture-organizzative/Ufficio-previsioni-e-pianificazione,,,,,,
IT,327,326,Meteotrentino,,,,,,https://www.meteotrentino.it/,,,,,,
IT,328,,Parco Nazionale Gran Paradiso,PNGP,,,Gran Paradiso National Park,,https://www.pngp.it/,https://en.wikipedia.org/wiki/Gran_Paradiso_National_Park,Q847690,,,,
IT,329,,Agenzia Regionale Protezione Ambiente Valle d'Aosta,ARPA Valle d'Aosta,Agence Régionale Protection Environnement Vallée d'Aoste,,Environmental Protection Agency of Aosta Valley,,https://www.arpa.vda.it,,Q108293617,1995,,,
IT,330,,Autonome Provinz Bozen - Südtirol,BZ,Provincia autonoma di Bolzano - Alto Adige,BZ,Autonomous Province of Bolzano/Bozen - South Tyrol,,https://provinz.bz.it/,https://en.wikipedia.org/wiki/South_Tyrol,Q15124,,,,
IT,331,330,"Abteilung Bildungsförderung, Universität und Forschung",,,,,,,,,,,,
IT,332,330,"Abteilung Grundbuch, Grund- und Gebäudekataster",,"Ripartizione Libro fondiario, catasto fondiario e urbano",,,,https://home.provinz.bz.it/de/kontakte/4096,,,,,,Guess based on the name 'Geodetic Service'
IT,333,330,Agentur für Bevölkerungsschutz,AfBs,Agenzia per la Protezione civile,ApPc,Civil Protection Agency,,https://afbs.provinz.bz.it/,,,,,,
IT,334,333,Hydrographisches Amt,,Ufficio Idrografico,,,,,,,,,,
IT,335,333,Amt für Hydrologie und Stauanlagen,,Ufficio Idrologia e dighe,,Office for Hydrology and Dams,,https://home.provinz.bz.it/de/kontakte/934,,,,,334,
IT,336,,Istituto superiore per la prevenzione e la sicurezza del lavoro,ISPESL,,,,,,https://it.wikipedia.org/wiki/Istituto_superiore_per_la_prevenzione_e_la_sicurezza_del_lavoro,Q3803683,1982,2010,,
IT,338,,Servizio Glaciologico Alto Adige,SGAA,,,,,http://www.servizioglaciologico.com/,,,,,,
IT,339,,Società degli Alpinisti Tridentini,SAT,,,,,https://www.sat.tn.it/,https://en.wikipedia.org/wiki/Societ%C3%A0_degli_Alpinisti_Tridentini,Q3963270,,,,
IT,340,339,Comitato Glaciologico Trentino,,,,,,,,,1990,,,
IT,342,,Società Meteorologica Italiana,SMI,,,,,http://www.nimbus.it/,https://it.wikipedia.org/wiki/Societ%C3%A0_meteorologica_italiana,Q3963398,,,,
IT,343,,Servizio Glaciologico Lombardo,SGL,,,,,https://www.servizioglaciologicolombardo.it/,,,,,,
IT,344,,Azienda Energetica Metropolitana Torino,AEM Torino,,,,,,,,,,,
IT,345,,Engeoneering,,,,,,http://www.engeoneering.it/,,,,,,
IT,348,,Università di Torino,UniTo,,,University of Turin,,https://www.unito.it/,https://en.wikipedia.org/wiki/University_of_Turin,Q499911,,,,
IT,349,348,Dipartimento di Scienze della Terra,DST,,,Department of Earth Sciences,,https://www.dst.unito.it/,,,,,,
IT,350,,Università degli Studi di Padova,UniPd,,,University of Padua,,https://www.unipd.it/,https://en.wikipedia.org/wiki/University_of_Padua,Q193510,,,,
IT,351,350,Dipartimento di Geografia,,,,Department of Geography,,,,,1984,2011,,
IT,353,350,Dipartimento di Geoscienze,,,,Department of Geosciences,,https://www.geoscienze.unipd.it/,,,,,,
IT,354,350,Dipartimento Territorio e Sistemi Agro-Forestali,TeSAF,,,"Department of Land, Environment, Agriculture and Forestry",,https://www.tesaf.unipd.it/,,,,,,
IT,355,,Università degli Studi di Perugia,UniPG,,,University of Perugia,,https://www.unipg.it/,https://en.wikipedia.org/wiki/University_of_Perugia,Q748085,,,,
IT,356,,Presidenza del Consiglio dei Ministri,PCM,,,,,https://www.governo.it/it/la-presidenza-del-consiglio-dei-ministri,,,,,,
IT,357,356,"Dipartimento per gli affari regionali, le autonomie e lo sport",DARAS,,,,,,,,2013,2016,,
IT,358,356,Dipartimento per gli Affari Regionali e le Autonomie,DARA,,,,,https://www.affariregionali.it/,https://it.wikipedia.org/wiki/Dipartimento_per_gli_affari_regionali_e_le_autonomie,Q3708837,2016,,357,
IT,359,,L'Aquila Caput Frigoris,AQ Caput Frigoris,,,,,https://www.caputfrigoris.it,,,,,,
IT,555,,Università degli Studi dell'Aquila,UnivAQ,,,University of L'Aquila,,https://www.univaq.it/,https://en.wikipedia.org/wiki/University_of_L%27Aquila,Q1494671,1596,,,
IT,557,,Fondazione Cassa di Risparmio della Provincia dell'Aquila,Fondazione Carispaq,,,,,https://fondazionecarispaq.it/,,,,,,
IT,558,,Agenzia Spaziale Italiana,ASI,,,Italian Space Agency,,https://www.asi.it/,https://en.wikipedia.org/wiki/Italian_Space_Agency,Q392953,1988,,,
IT,559,,Agenzia Regionale per la Protezione dell'Ambiente Lombardia,ARPA Lombardia,,,,,https://www.arpalombardia.it/,,,1999,,,
IT,561,348,"Dipartimento di Scienze Agrarie, Forestali e Ambientali",DISAFA,,,"Department of Agricultural, Forest and Food Sciences",,https://www.disafa.unito.it/,,,,,,
IT,562,,Agenzia Regionale per la Protezione Ambientale del Piemonte,ARPA Piemonte,,,,,https://www.arpa.piemonte.it/,,,,,,
IT,563,,Libera Università di Bolzano,unibz,Freie Universität Bozen,unibz,Free University of Bozen-Bolzano,unibz,https://www.unibz.it/,https://en.wikipedia.org/wiki/Free_University_of_Bozen-Bolzano,Q1231433,1997,,,
IT,564,330,Abteilung Forstdienst,,Servizio forestale,,Forestry Department,,https://forstdienst.provinz.bz.it/,,,,,,
IT,565,564,Forstinspektorat Sterzing,,Ispettorato forestale Vipiteno,,Forestry Inspectorate of Sterzing - Vipiteno,,https://home.provinz.bz.it/de/kontakte/1088,,,,,,
JP,361,,北海道大学,北大,,,Hokkaido University,Hokudai,https://www.global.hokudai.ac.jp,https://en.wikipedia.org/wiki/Hokkaido_University,Q1057199,,,,
JP,362,361,低温科学研究所,,,,Institute of Low Temperature Science,ILTS,https://www2.lowtem.hokudai.ac.jp/,https://ja.wikipedia.org/wiki/%E5%8C%97%E6%B5%B7%E9%81%93%E5%A4%A7%E5%AD%A6%E4%BD%8E%E6%B8%A9%E7%A7%91%E5%AD%A6%E7%A0%94%E7%A9%B6%E6%89%80,Q60987329,,,,
JP,363,,独立行政法人国際協力機構,,,,Japan International Cooperation Agency,JICA,https://www.jica.go.jp/,https://en.wikipedia.org/wiki/Japan_International_Cooperation_Agency,Q958590,,,,
JP,364,,名古屋大学,名大,,,Nagoya University,NU,https://www.nagoya-u.ac.jp/,https://en.wikipedia.org/wiki/Nagoya_University,Q1191132,,,,
JP,365,364,環境学研究科,,,,Graduate School of Environmental Studies,,https://www.env.nagoya-u.ac.jp/,,,,,,
JP,367,364,学水圏科学研究所,,,,Water Research Institute,WRI,,,,1973,1993,,
JP,368,364,大気水圏科学研究所,,,,Institute for Hydrospheric-Atmospheric Sciences,IHAS,,,,1993,2001,367,
JP,370,,立山カルデラ砂防博物館,,,,Tateyama Caldera Sabo Museum,,,https://ja.wikipedia.org/wiki/%E7%AB%8B%E5%B1%B1%E3%82%AB%E3%83%AB%E3%83%87%E3%83%A9%E7%A0%82%E9%98%B2%E5%8D%9A%E7%89%A9%E9%A4%A8,Q30112754,,,,
JP,371,,筑波大学,,,,University of Tsukuba,,http://www.tsukuba.ac.jp,https://en.wikipedia.org/wiki/University_of_Tsukuba,Q743615,,,,
KG,373,,Кыргыз Республикасынын Улуттук Илимдер Академиясы,КР УИА,,,National Academy of Sciences of the Kyrgyz Republic,NAS KR,https://naskr.gov.kg/,https://en.wikipedia.org/wiki/Kyrgyz_Academy_of_Sciences,Q4314799,1993,,,
KG,374,373,Институт геологии,,,,Institute of Geology,,http://geol.kg/,,,,,,
KG,375,373,Суу маселелери жана гидроэнергетика институту,,,,Institute of Water Problems and Hydropower,IWP,https://iwp.kg/,,,1992,,,
KG,376,375,Тянь-Шаньский Высокогорный Научный Центр,ТШВНЦ,,,Tien Shan High Mountain Research Center,TShMRC,https://iwp.kg/?page_id=761,,,1948,,,
KG,377,,Өзгөчө кырдаалдар министрлиги,,,,Ministry of Emergency Situations,,https://www.mchs.gov.kg/,https://en.wikipedia.org/wiki/Ministry_of_Emergency_Situations_(Kyrgyzstan),Q6452372,1991,,,
KG,378,377,Гидрометеорологическая служба,Кыргызгидромет,,,Hydrometeorological Service,Kyrgyzhydromet,https://kgm.kg/,,,,,,
KG,379,,Борбордук Азия Жерди прикладдык изилдөө институтунун,ЦАИИЗ,,,Central Asian Institute of Applied Geosciences,CAIAG,https://www.caiag.kg,,Q50040078,,,,
KZ,382,,Білім және ғылым министрлігі,БҒМ,,,Ministry of Education and Science,,http://edu.gov.kz/,https://en.wikipedia.org/wiki/Ministry_of_Education_and_Science_(Kazakhstan),Q4294536,1999,2022,,
KZ,384,382,География Институты,,,,Institute of Geography,,,https://kk.wikipedia.org/wiki/%D0%93%D0%B5%D0%BE%D0%B3%D1%80%D0%B0%D1%84%D0%B8%D1%8F_%D0%B8%D0%BD%D1%81%D1%82%D0%B8%D1%82%D1%83%D1%82%D1%8B,Q4201463,1983,,,
KZ,385,382,География Және Су Қауіпсіздігі Институты,,,,Institute of Geography and Water Security,,https://ingeo.kz/,,,,,384,
KZ,386,382,Орталық Азия Өңірлік гляциологиялық Орталығы,,,,Central Asian Regional Glaciological Center,CARGC,https://cargc.org/,,,,,,
MX,391,,Universidad Nacional Autónoma de México,UNAM,,,National Autonomous University of Mexico,,https://www.unam.mx/,https://en.wikipedia.org/wiki/National_Autonomous_University_of_Mexico,Q222738,,,,
MX,392,391,Instituto de Geofísica,,,,Institute of Geophysics,,https://www.geofisica.unam.mx/,,Q116814691,,,,
MX,393,391,Instituto de Geografía,,,,Institute of Geography,,https://www.geologia.unam.mx/,,Q116814999,,,,
MX,394,,Centro Nacional de Prevención de Desastres,CENAPRED,,,National Center for Prevention of Disasters,,https://www.gob.mx/cenapred,https://en.wikipedia.org/wiki/CENAPRED,Q5411583,,,,
NL,395,,Universiteit Utrecht,UU,,,Utrecht University,,https://www.uu.nl,https://en.wikipedia.org/wiki/Utrecht_University,Q221653,,,,
NO,397,,Stiftelsen Nansen senter for miljø og fjernmåling,Nansensenteret,,,Nansen Environmental and Remote Sensing Center,NERSC,https://nersc.no/,https://no.wikipedia.org/wiki/Nansensenteret,Q11990844,1986,,,
NO,398,,Norsk fjellsenter,,,,Norwegian Mountain Center,,https://www.norskfjellsenter.no/,,,,,,
NO,399,,Polarmiljøsenteret,,,,Polar Environmental Centre,,,,,,2010,,
NO,400,,Nordområde­senter for klima- og miljøforskning,Framsenteret,,,High North Research Centre for Climate and the Environment,FRAM Centre,https://framsenteret.no/,https://no.wikipedia.org/wiki/Framsenteret,Q11969857,2010,,399,
NO,401,400,Norsk Polarinstitutt,,,,Norwegian Polar Institute,NPI,https://www.npolar.no/,https://en.wikipedia.org/wiki/Norwegian_Polar_Institute,Q962986,,,,
NO,402,,Norges vassdrags- og energidirektorat,NVE,,,Norwegian Water Resources and Energy Directorate,,https://www.nve.no/,https://en.wikipedia.org/wiki/Norwegian_Water_Resources_and_Energy_Directorate,Q3357659,,,,
NO,403,402,Hydrologisk avdeling,,,,Hydrology Department,,https://www.nve.no/vann-og-vassdrag/vannets-kretsloep/om-hydrologisk-avdeling/,,,,,,
NO,404,403,"Seksjon for bre, is og snø",,,,"Section for Glaciers, Ice and Snow",,https://www.nve.no/vann-og-vassdrag/vannets-kretsloep/bre/,,,,,,
NO,405,,Siso Energi,,,,,,https://sisoenergi.no/,,Q79097588,,,,
NO,406,,Statkraft,,,,,,https://www.statkraft.com/,https://en.wikipedia.org/wiki/Statkraft,Q1681145,,,,
NO,407,,Sunnhordland Kraftlag,SKL,,,,,https://skl.as/,,Q25428761,,,,
NO,408,,Universitetet i Bergen,UiB,,,University of Bergen,,https://www.uib.no/,https://en.wikipedia.org/wiki/University_of_Bergen,Q204457,,,,
NO,409,408,Institutt for geovitenskap,GEO,,,Department of Earth Science,,https://www.uib.no/geo,https://no.wikipedia.org/wiki/Institutt_for_geovitenskap_(UiB),Q11977398,,,,
NO,410,,Universitetet i Tromsø,UiT,,,University of Tromsø,,https://uit.no,https://en.wikipedia.org/wiki/University_of_Troms%C3%B8,Q279724,,,,
NO,411,,Universitetsmuseet i Bergen,,,,University Museum of Bergen,,https://www.uib.no/universitetsmuseet,https://en.wikipedia.org/wiki/University_Museum_of_Bergen,Q301787,1825,1946,,
NO,412,,Norges geologiske undersøkelse,NGU,,,Geological Survey of Norway,,https://www.ngu.no/,https://en.wikipedia.org/wiki/Geological_Survey_of_Norway,Q1770198,,,,
NO,413,,Norsk Bremuseum,,,,Norwegian Glacier Museum,,https://www.bremuseum.no/,https://en.wikipedia.org/wiki/Norwegian_Glacier_Museum,Q2530322,,,,
NO,414,,Kartverket,,,,Norwegian Mapping Authority,,https://www.kartverket.no/,https://en.wikipedia.org/wiki/Norwegian_Mapping_Authority,Q2728585,1773,,,
NO,415,,Universitetet i Oslo,UiO,,,University of Oslo,,https://www.uio.no/,https://en.wikipedia.org/wiki/University_of_Oslo,Q486156,,,,
NO,416,415,Geografisk institutt,,,,Department of Physical Geography,,,,,,2003,,
NO,417,415,Institutt for geofag,GEO,,,Department of Geosciences,,https://www.mn.uio.no/geo,https://no.wikipedia.org/wiki/Institutt_for_geofag_(UiO),Q19375730,2003,,416,
NO,420,,Høgskulen i Sogn og Fjordane,HiSF,,,Sogn og Fjordane University College,,,https://en.wikipedia.org/wiki/Sogn_og_Fjordane_University_College,Q4589150,1994,2016,,
NO,421,,Høgskulen på Vestlandet,HVL,,,Western Norway University of Applied Sciences,,https://www.hvl.no,https://en.wikipedia.org/wiki/Western_Norway_University_of_Applied_Sciences,Q25434874,2017,,420,
NO,422,421,Institutt for miljø- og naturvitskap,,,,Department of Environmental Sciences,,,,,,2023,,
NP,426,,International Centre for Integrated Mountain Development,ICIMOD,,,,,https://www.icimod.org/,https://en.wikipedia.org/wiki/International_Centre_for_Integrated_Mountain_Development,Q1666404,,,,
NP,427,,जल तथा ऊर्जा आयोगको सचिवालय,,,,Water and Energy Commission Secretariat,WECS,http://wecs.gov.np/,https://ne.wikipedia.org/wiki/%E0%A4%9C%E0%A4%B2_%E0%A4%A4%E0%A4%A5%E0%A4%BE_%E0%A4%B6%E0%A4%95%E0%A5%8D%E0%A4%A4%E0%A4%BF_%E0%A4%86%E0%A4%AF%E0%A5%8B%E0%A4%97_(%E0%A4%A8%E0%A5%87%E0%A4%AA%E0%A4%BE%E0%A4%B2),Q13181206,,,,
NP,560,,त्रिभुवन विश्वविद्यालय,त्रिवि,,,Tribhuvan University,TU,https://tu.edu.np/,https://en.wikipedia.org/wiki/Tribhuvan_University,Q588239,,,,
NZ,428,,National Institute of Water and Atmospheric Research,NIWA,Taihoro Nukurangi,,,,https://niwa.co.nz/,https://en.wikipedia.org/wiki/National_Institute_of_Water_and_Atmospheric_Research,Q1466498,,,,
NZ,429,,University of Canterbury,UC,Te Whare Wānanga o Waitaha,,,,https://www.canterbury.ac.nz/,https://en.wikipedia.org/wiki/University_of_Canterbury,Q432475,,,,
NZ,430,429,Department of Geography,,,,,,,,Q101013546,,,,
NZ,432,,University of Otago,,Te Whare Wānanga o Ōtākou,,,,https://www.otago.ac.nz/,https://en.wikipedia.org/wiki/University_of_Otago,Q1201513,,,,
NZ,434,432,Department of Geography,,Te Iho Whenua,,,,,,Q101013579,,,,
NZ,435,432,School of Geography,,Te Iho Whenua,,,,https://www.otago.ac.nz/geography,,,,,434,
NZ,436,432,School of Surveying,,Te Kura Kairūri,,,,https://www.otago.ac.nz/surveying,,,,,,
NZ,437,,Alpine and Polar Processes Consultancy,,,,,,,,,,,,
NZ,438,,Lake Hawea Institute of Cryodynamics,,,,,,,,,,,,
NZ,439,,Victoria University of Wellington,VUW,Te Herenga Waka,,,,https://www.wgtn.ac.nz/,https://en.wikipedia.org/wiki/Victoria_University_of_Wellington,Q1150437,,,,
NZ,440,439,"School of Geography, Environment and Earth Science",SGEES,Te Kura Tātai Aro Whenua,,,,https://www.wgtn.ac.nz/sgees,,,,,,
NZ,441,440,Antarctic Research Centre,ARC,Te Puna Pātiotio,,,,https://www.wgtn.ac.nz/antarctic,https://en.wikipedia.org/wiki/Antarctic_Research_Centre,Q4771002,,,,
NZ,442,,Rainfall.NZ,,,,,,https://www.rainfall.nz/,,,,,,
PE,444,,Ministerio de Desarrollo Agrario y Riego,MIDAGRI,,,Ministry of Agricultural Development and Irrigation,,https://www.gob.pe/midagri,https://en.wikipedia.org/wiki/Ministry_of_Agriculture_of_Peru,Q6866645,1943,,,
PE,445,444,Instituto Nacional de Recursos Naturales,INRENA,,,,,,,,1992,2008,,
PE,446,445,Unidad de Glaciología y Recursos Hídricos,UGRH,,,,,,,Q100146684,,,,
PE,447,444,Autoridad Nacional del Agua,ANA,,,National Water Authority,,https://www.gob.pe/ana,https://es.wikipedia.org/wiki/Autoridad_Nacional_del_Agua,Q5403474,,,,
PE,448,447,Area de Evaluación de Glaciares y Lagunas,,,,,,,,,,,,
PE,449,447,Unidad de Glaciología y Recursos Hídricos,UGRH,,,,,https://www.ana.gob.pe/gestion-agua/cambio-climatico/page/2,,Q106613800,2008,,,
PL,453,,Uniwersytet Mikołaja Kopernika,UMK,,,Nicolaus Copernicus University,NCU,https://www.umk.pl/,https://en.wikipedia.org/wiki/Nicolaus_Copernicus_University_in_Toru%C5%84,Q1752712,,,,
PL,454,453,Instytut Geografii,,,,Institute of Geography,,,,,,2012,,
PL,455,453,Wydziału Nauk o Ziemi,WNoZ,,,Faculty of Earth Sciences,,,,,2012,2019,454,
PL,456,453,Wydział Nauk o Ziemi i Gospodarki Przestrzennej,WNoZiGP,,,Faculty of Earth Sciences and Spatial Management,,https://www.geo.umk.pl/,https://pl.wikipedia.org/wiki/Wydzia%C5%82_Nauk_o_Ziemi_i_Gospodarki_Przestrzennej_Uniwersytetu_Miko%C5%82aja_Kopernika_w_Toruniu,Q9379608,2019,,455,
PL,457,456,Centrum Badań Polarnych,CBP,,,Polar Research Center,,https://www.geo.umk.pl/cbp/,,,,,,
PL,458,454,Zakładu Kriologii i Badań Polarnych,,,,Department of Cryology and Polar Research,,,,,2000,2013,,
PL,460,,Uniwersytet Marii Curie-Skłodowskiej,UMCS,,,Maria Curie-Skłodowska University,,https://www.umcs.pl/,https://en.wikipedia.org/wiki/Maria_Curie-Sk%C5%82odowska_University,Q1613719,,,,
PL,461,,Polskiej Akademii Nauk,PAN,,,Polish Academy of Sciences,,https://pan.pl/,https://en.wikipedia.org/wiki/Polish_Academy_of_Sciences,Q651690,1951,,,
PL,462,461,Instytut Geofizyki,IGF,,,Institute of Geophysics,,https://www.igf.edu.pl/,https://pl.wikipedia.org/wiki/Instytut_Geofizyki_Polskiej_Akademii_Nauk,Q11713036,1953,,,
PL,463,,Uniwersytet Śląski,US,,,University of Silesia,,https://us.edu.pl/,https://en.wikipedia.org/wiki/University_of_Silesia_in_Katowice,Q615154,1968,,,
PL,464,463,Wydział Nauk o Ziemi,WNoZ,,,Faculty of Earth Sciences,,,https://pl.wikipedia.org/wiki/Wydzia%C5%82_Nauk_o_Ziemi_Uniwersytetu_%C5%9Al%C4%85skiego,Q11838094,1974,2019,,
PL,465,463,Wydział Nauk Przyrodniczych,WNP,,,Faculty of Natural Sciences,,https://us.edu.pl/wydzial/wnp,https://pl.wikipedia.org/wiki/Wydzia%C5%82_Nauk_Przyrodniczych_Uniwersytetu_%C5%9Al%C4%85skiego,Q105421152,2019,,464,
PL,466,464,Katedra Geomorfologii,,,,Department of Geomorphology,,,,,1983,2019,,
PL,467,465,Instytut Nauk o Ziemi,INoZ,,,Institute of Earth Sciences,,https://us.edu.pl/instytut/inoz/,,,,,,
PL,468,,Uniwersytet Warszawski,UW,,,University of Warsaw,,https://www.uw.edu.pl/,https://en.wikipedia.org/wiki/University_of_Warsaw,Q144488,,,,
PL,469,468,Wydział Geologii,GEO,,,Faculty of Geology,,https://geo.uw.edu.pl/,https://pl.wikipedia.org/wiki/Wydzia%C5%82_Geologii_Uniwersytetu_Warszawskiego,Q9379453,,,,
PL,470,,Uniwersytet im. Adama Mickiewicza,UAM,,,Adam Mickiewicz University,AMU,https://amu.edu.pl,https://en.wikipedia.org/wiki/Adam_Mickiewicz_University_in_Pozna%C5%84,Q348402,,,,
PL,471,,Instytut Meteorologii i Gospodarki Wodnej,IMGW,,,Institute of Meteorology and Water Management,,https://www.imgw.pl/,https://pl.wikipedia.org/wiki/Instytut_Meteorologii_i_Gospodarki_Wodnej,Q11713124,,,,
PL,472,,Mała Pracownia Geograficzna,MPG,,,,,,,,,,,
PL,473,,Akademia Bialska im. Jana Pawła II,AB,,,John Paul II University in Biała Podlaska,,https://akademiabialska.pl/,https://pl.wikipedia.org/wiki/Akademia_Bialska_im._Jana_Paw%C5%82a_II,Q11815216,,,,
PL,474,,Politechnika Warszawska,PW,,,Warsaw University of Technology,,https://www.pw.edu.pl/,https://en.wikipedia.org/wiki/Warsaw_University_of_Technology,Q1718656,,,,
RU,477,,Московский государственный университет,МГУ,,,Moscow State University,MSU,https://msu.ru/,https://en.wikipedia.org/wiki/Moscow_State_University,Q13164,,,,
RU,478,477,Географический факультет,,,,Faculty of Geography,,https://www.geogr.msu.ru/,https://en.wikipedia.org/wiki/MSU_Faculty_of_Geography,Q1965825,1938,,,
RU,479,,Федеральная служба по гидрометеорологии и мониторингу окружающей среды,Росгидромет,,,Federal Service for Hydrometeorology and Environmental Monitoring,Roshydromet,https://www.meteorf.gov.ru/,https://en.wikipedia.org/wiki/Federal_Service_for_Hydrometeorology_and_Environmental_Monitoring_of_Russia,Q2029948,,,,
RU,480,479,Северо-Кавказское управление по гидрометеорологии и мониторингу окружающей среды,Северо-Кавказское УГМС,,,North Caucasus Department for Hydrometeorology and Environmental Monitoring,,https://yugmeteo.donpac.ru/upravlenie/nc/,,,,,,
RU,481,,Росси́йская акаде́мия нау́к,РАН,,,Russian Academy of Sciences,RAS,https://www.ras.ru/,https://en.wikipedia.org/wiki/Russian_Academy_of_Sciences,Q83172,,,,
RU,482,481,Институт вулканологии и сейсмологии,ИВиС,,,Institute of Volcanology and Seismology,IVS,http://www.kscnet.ru/ivs/,https://ru.wikipedia.org/wiki/%D0%98%D0%BD%D1%81%D1%82%D0%B8%D1%82%D1%83%D1%82_%D0%B2%D1%83%D0%BB%D0%BA%D0%B0%D0%BD%D0%BE%D0%BB%D0%BE%D0%B3%D0%B8%D0%B8_%D0%B8_%D1%81%D0%B5%D0%B9%D1%81%D0%BC%D0%BE%D0%BB%D0%BE%D0%B3%D0%B8%D0%B8_%D0%94%D0%92%D0%9E_%D0%A0%D0%90%D0%9D,Q2656051,,,,
RU,483,481,Институт географии,,,,Institute of Geography,IG,http://www.igras.ru/,https://ru.wikipedia.org/wiki/%D0%98%D0%BD%D1%81%D1%82%D0%B8%D1%82%D1%83%D1%82_%D0%B3%D0%B5%D0%BE%D0%B3%D1%80%D0%B0%D1%84%D0%B8%D0%B8_%D0%A0%D0%90%D0%9D,Q4201464,,,,
RU,484,483,Отдел гляциологии,,,,Department of Glaciology,,http://glac.igras.ru/,,,1956,,,
RU,485,,Российский фонд фундаментальных исследований,РФФИ,,,Russian Foundation of Basic Research,RFBR,https://www.rfbr.ru/,https://en.wikipedia.org/wiki/Russian_Foundation_for_Basic_Research,Q4398141,1992,,,
RU,486,,То́мский госуда́рственный университе́т,ТГУ,,,Tomsk State University,TSU,https://www.tsu.ru/,https://en.wikipedia.org/wiki/Tomsk_State_University,Q742494,,,,
RU,487,486,Кафедра географии,,,,Department of Geography,,https://ggf.tsu.ru/kafedry/kafgeograf/,,,,,,
RU,488,486,Проблемной научно-исследовательской лабораторией гляциоклиматологии,ПНИЛ ГК,,,Scientific Research Laboratory of Glacioclimatology,,https://ggf.tsu.ru/labaratoriiiko/glyatsioklimatologia/,,,,,,
RU,553,,Российский научный фонд,РНФ,,,Russian Science Foundation,RSF,https://rscf.ru/,https://ru.wikipedia.org/wiki/%D0%A0%D0%BE%D1%81%D1%81%D0%B8%D0%B9%D1%81%D0%BA%D0%B8%D0%B9_%D0%BD%D0%B0%D1%83%D1%87%D0%BD%D1%8B%D0%B9_%D1%84%D0%BE%D0%BD%D0%B4,Q30297418,1991,,,
SE,489,,Stockholms universitet,SU,,,Stockholm University,SU,https://www.su.se/,https://en.wikipedia.org/wiki/Stockholm_University,Q221645,,,,
SE,490,489,Tarfala forskningstation,,,,Tarfala Research Station,TRS,https://www.su.se/tarfala-forskningsstation/,https://en.wikipedia.org/wiki/Tarfala_research_station,Q7685811,1961,,,
SE,491,489,Institutionen för naturgeografi och kvartärgeologi,,,,Department of Physical Geography and Quaternary Geology,,,,,2001,2015,,
SE,492,489,Institutionen för naturgeografi,,,,Department of Physical Geography,,https://www.su.se/institutionen-for-naturgeografi/,https://sv.wikipedia.org/wiki/Institutionen_f%C3%B6r_naturgeografi_(Stockholms_universitet),Q18290964,2015,,491,
SE,493,,Uppsala universitet,UU,,,Uppsala University,,https://uu.se,https://en.wikipedia.org/wiki/Uppsala_University,Q185246,,,,
SE,494,493,Institutionen för geovetenskaper,,,,Department of Earth Sciences,,https://www.geo.uu.se/,,,,,,
SE,495,,Swedish Infrastructure for Ecosystem Science,SITES,,,,,https://www.fieldsites.se/,,,,,,
SE,549,,Göran Gustafssons Stiftelser,,,,,,https://gustafssonsstiftelser.se/,,,,,,
SI,496,,Slovenska akademija znanosti in umetnosti,SAZU,,,Slovenian Academy of Sciences and Arts,,https://www.sazu.si/,https://en.wikipedia.org/wiki/Slovenian_Academy_of_Sciences_and_Arts,Q266063,,,,
SI,497,496,Znanstvenoraziskovalni center,ZRC,,,Research Centre,,https://www.zrc-sazu.si/,https://sl.wikipedia.org/wiki/Znanstvenoraziskovalni_center_Slovenske_akademije_znanosti_in_umetnosti,Q15977604,,,,
SI,498,497,Geografski inštitut Antona Melika,GIAM,,,Anton Melik Geographical Institute,,https://giam.zrc-sazu.si/,https://en.wikipedia.org/wiki/Anton_Melik_Geographical_Institute,Q3507777,,,,
SI,499,,Geodetski Inštitut Slovenije,GIS,,,Geodetic Institute of Slovenia,,https://gis.si/,,Q30299453,,,,
TJ,500,,Академияи миллии илмҳои Тоҷикистон,АМИТ,,,National Academy of Sciences of Tajikistan,NAST,https://anrt.tj/,https://en.wikipedia.org/wiki/Tajik_Academy_of_Sciences,Q2036624,,,,
TJ,501,500,Маркази омӯзиши пиряхҳои,,,,Center for the Study of Glaciers,,https://cryosphere.tj,,,,,,english_name: Formerly also used 'Center for Research of Glaciers'
US,507,,Juneau Icefield Research Program,JIRP,,,,,https://juneauicefield.org/,,,,,,
US,508,,Nichols College,,,,,,https://www.nichols.edu/,https://en.wikipedia.org/wiki/Nichols_College,Q7026557,,,,
US,509,508,North Cascade Glacier Climate Project,NCGCP,,,,,https://glaciers.nichols.edu/,,,,,,
US,510,,Los Alamos National Laboratory,LANL,,,,,https://www.lanl.gov/,https://en.wikipedia.org/wiki/Los_Alamos_National_Laboratory,Q379848,,,,
US,511,510,"Climate, Ocean and Sea Ice Modeling",COSIM,,,,,https://climatemodeling.science.energy.gov/projects/climate-ocean-and-sea-ice-modeling-cosim,,,2011,2012,,
US,512,,National Park Service,NPS,,,,,https://www.nps.gov/,https://en.wikipedia.org/wiki/National_Park_Service,Q308439,,,,
US,513,512,Kenai Fjords National Park,KEFJ,,,,,https://www.nps.gov/kefj,https://en.wikipedia.org/wiki/Kenai_Fjords_National_Park,Q841503,,,,
US,514,512,North Cascades National Park,NOCA,,,,,https://www.nps.gov/noca,https://en.wikipedia.org/wiki/North_Cascades_National_Park,Q1163799,,,,
US,516,,Portland State University,PSU,,,,,https://www.pdx.edu/,https://en.wikipedia.org/wiki/Portland_State_University,Q1771717,,,,
US,517,516,Department of Geology,,,,,,https://www.pdx.edu/geology/,,Q101028137,,,,
US,518,,United States Army Corps of Engineers,USACE,,,,,https://www.usace.army.mil/,https://en.wikipedia.org/wiki/United_States_Army_Corps_of_Engineers,Q1049334,,,,
US,519,518,"Snow, Ice, and Permafrost Research Establishment",SIPRE,,,,,,,,,1961,,
US,521,,Texas A&M University,TAMU,,,,,https://www.tamu.edu/,https://en.wikipedia.org/wiki/Texas_A%26M_University,Q49212,,,,
US,522,521,Department of Geography,,,,,,https://geography.tamu.edu/,,Q101077704,,,,
US,523,,United States Geological Survey,USGS,,,,,https://www.usgs.gov/,https://en.wikipedia.org/wiki/United_States_Geological_Survey,Q193755,,,,
US,524,523,Alaska Science Center,,,,,,https://www.usgs.gov/centers/alaska-science-center,,Q124251959,,,,
US,525,523,Northern Rocky Mountain Science Center,NOROCK,,,,,https://www.usgs.gov/centers/norock,,Q112181324,,,,
US,526,523,Washington Water Science Center,,,,,,https://www.usgs.gov/centers/washington-water-science-center,,,,,,
US,527,,University of Alaska Fairbanks,UAF,,,,,https://www.uaf.edu/,https://en.wikipedia.org/wiki/University_of_Alaska_Fairbanks,Q1285262,,,,
US,528,527,Geophysical Institute,GI,,,,,https://www.gi.alaska.edu/,https://en.wikipedia.org/wiki/Geophysical_Institute,Q5535569,,,,
US,529,,University of Alaska Southeast,UAS,,,,,https://uas.alaska.edu/,https://en.wikipedia.org/wiki/University_of_Alaska_Southeast,Q94279,,,,
US,530,,University of Minnesota,UMN,,,,,https://twin-cities.umn.edu/,https://en.wikipedia.org/wiki/University_of_Minnesota,Q238101,,,,
US,531,530,Polar Geospatial Center,PGC,,,,,https://www.pgc.umn.edu/,https://en.wikipedia.org/wiki/Polar_Geospatial_Center,Q16981908,,,,
US,532,,University of Wisconsin-Madison,UW,,,,,https://www.wisc.edu/,https://en.wikipedia.org/wiki/University_of_Wisconsin%E2%80%93Madison,Q838330,,,,
US,533,532,Department of Atmospheric and Oceanic Sciences,AOS,,,,,https://www.aos.wisc.edu/,,,,,,
US,534,,United States Agency for International Development,USAID,,,,,https://www.usaid.gov,https://en.wikipedia.org/wiki/United_States_Agency_for_International_Development,Q217072,,,,
US,535,,University of Colorado Boulder,CU,,,,,https://www.colorado.edu/,https://en.wikipedia.org/wiki/University_of_Colorado_Boulder,Q736674,,,,
UZ,536,,Gidrometeorologiya Bosh boshqarmasi,Boshgidromet,,,,,,,,1992,2004,,
UZ,539,,O’zbekiston Milliy universiteti,O'zMU,,,National University of Uzbekistan,NUU,https://nuu.uz/,https://en.wikipedia.org/wiki/National_University_of_Uzbekistan,Q651133,,,,
UZ,540,,Среднеазиатского научно-исследовательского гидрометеорологического института,САНИГМИ,,,Central Asian Hydrometeorological Research Institute,SANIGMI,,,,1958,2004,,May be the predecessor to NIGMI (https://nigmi.uz/institut-haqida)
UZ,541,,Innovatsion rivojlanish agentligi,Mininnovation,,,Ministry of Innovative Development,,https://mininnovation.uz/,,,,,,
UZ,569,,Geologiya va geofizika instituti,,Институт геологии и геофизики,,Institute of Geology and Geophysics,,https://ingeo.uz/,https://uz.wikipedia.org/wiki/O%CA%BBzbekiston_Respublikasi_Fanlar_akademiyasining_Geologiya_va_geofizika_instituti,,,,,
,544,,Inter-American Institute for Global Change Research,IAI,,,,,https://www.iai.int,https://en.wikipedia.org/wiki/Inter-American_Institute_for_Global_Change_Research,Q6044567,,,,
